created_day,gender,all_awardings,author,author_flair_type,author_fullname,author_premium,body,body_sha1,controversiality,created_utc,distinguished,edited,gildings,id,is_submitter,link_id,parent_id,permalink,retrieved_utc,score,status,subreddit,subreddit_id,subreddit_name_prefixed,subreddit_type,updated_body,davidson_label,toxicity,severe_toxicity,obscene,identity_attack,insult,threat,sexual_explicit,submission_id,created,retrieved,modified
1,both,1622,1676,1676,1676,1676,1676,1676,1622,1676,1,1622,1622,1676,1676,1676,1676,1676,1676,1622,1676,1676,1676,1676,1676,1620,1676,1676,1676,1676,1676,1676,1676,1676,1676,1676,1676,99
1,female,4708,4919,4919,4919,4919,4919,4919,4708,4919,4,4708,4708,4919,4919,4919,4919,4919,4919,4708,4919,4919,4919,4919,4919,4702,4919,4919,4919,4919,4919,4919,4919,4919,4919,4919,4919,113
1,male,53,54,54,54,54,54,54,53,54,0,53,53,54,54,54,54,54,54,53,54,54,54,54,54,53,54,54,54,54,54,54,54,54,54,54,54,2
1,none,219,224,224,224,224,224,224,219,224,0,219,219,224,224,224,224,224,224,219,224,224,224,224,224,219,224,224,224,224,224,224,224,224,224,224,224,8
2,both,1673,1726,1726,1726,1726,1726,1726,1673,1726,4,1673,1673,1726,1726,1726,1726,1726,1726,1673,1726,1726,1726,1726,1726,1669,1726,1726,1726,1726,1726,1726,1726,1726,1726,1726,1726,104
2,female,4670,4889,4889,4889,4889,4889,4889,4670,4889,8,4670,4670,4889,4889,4889,4889,4889,4889,4670,4889,4889,4889,4889,4889,4658,4889,4889,4889,4889,4889,4889,4889,4889,4889,4889,4889,110
2,male,47,47,47,47,47,47,47,47,47,0,47,47,47,47,47,47,47,47,47,47,47,47,47,47,47,47,47,47,47,47,47,47,47,47,47,47,6
2,none,273,277,277,277,277,277,277,273,277,3,273,273,277,277,277,277,277,277,273,277,277,277,277,277,272,277,277,277,277,277,277,277,277,277,277,277,10
3,both,1721,1768,1768,1768,1768,1768,1768,1721,1768,5,1721,1721,1768,1768,1768,1768,1768,1768,1721,1768,1768,1768,1768,1768,1706,1768,1768,1768,1768,1768,1768,1768,1768,1768,1768,1768,119
3,female,4990,5195,5195,5195,5195,5195,5195,4990,5195,7,4990,4990,5195,5195,5195,5195,5195,5195,4990,5195,5195,5195,5195,5195,4966,5195,5195,5195,5195,5195,5195,5195,5195,5195,5195,5195,134
3,male,50,50,50,50,50,50,50,50,50,0,50,50,50,50,50,50,50,50,50,50,50,50,50,50,50,50,50,50,50,50,50,50,50,50,50,50,3
3,none,285,291,291,291,291,291,291,285,291,2,285,285,291,291,291,291,291,291,285,291,291,291,291,291,285,291,291,291,291,291,291,291,291,291,291,291,7
4,both,1774,1827,1827,1827,1827,1827,1827,1774,1827,2,1774,1774,1827,1827,1827,1827,1827,1827,1774,1827,1827,1827,1827,1827,1762,1827,1827,1827,1827,1827,1827,1827,1827,1827,1827,1827,105
4,female,5444,5632,5632,5632,5632,5632,5632,5444,5632,5,5444,5444,5632,5632,5632,5632,5632,5632,5444,5632,5632,5632,5632,5632,5430,5632,5632,5632,5632,5632,5632,5632,5632,5632,5632,5632,130
4,male,74,76,76,76,76,76,76,74,76,0,74,74,76,76,76,76,76,76,74,76,76,76,76,76,74,76,76,76,76,76,76,76,76,76,76,76,3
4,none,300,308,308,308,308,308,308,300,308,1,300,300,308,308,308,308,308,308,300,308,308,308,308,308,300,308,308,308,308,308,308,308,308,308,308,308,10
5,both,1773,1802,1802,1802,1802,1802,1802,1773,1802,1,1773,1773,1802,1802,1802,1802,1802,1802,1773,1802,1802,1802,1802,1802,1769,1802,1802,1802,1802,1802,1802,1802,1802,1802,1802,1802,118
5,female,4782,4965,4965,4965,4965,4965,4965,4782,4965,6,4782,4782,4965,4965,4965,4965,4965,4965,4782,4965,4965,4965,4965,4965,4763,4965,4965,4965,4965,4965,4965,4965,4965,4965,4965,4965,141
5,male,68,68,68,68,68,68,68,68,68,0,68,68,68,68,68,68,68,68,68,68,68,68,68,68,68,68,68,68,68,68,68,68,68,68,68,68,1
5,none,275,281,281,281,281,281,281,275,281,0,275,275,281,281,281,281,281,281,275,281,281,281,281,281,275,281,281,281,281,281,281,281,281,281,281,281,12
6,both,1659,1689,1689,1689,1689,1689,1689,1659,1689,1,1659,1659,1689,1689,1689,1689,1689,1689,1659,1689,1689,1689,1689,1689,1656,1689,1689,1689,1689,1689,1689,1689,1689,1689,1689,1689,103
6,female,4504,4674,4674,4674,4674,4674,4674,4504,4674,7,4504,4504,4674,4674,4674,4674,4674,4674,4504,4674,4674,4674,4674,4674,4495,4674,4674,4674,4674,4674,4674,4674,4674,4674,4674,4674,149
6,male,77,78,78,78,78,78,78,77,78,0,77,77,78,78,78,78,78,78,77,78,78,78,78,78,77,78,78,78,78,78,78,78,78,78,78,78,4
6,none,299,303,303,303,303,303,303,299,303,2,299,299,303,303,303,303,303,303,299,303,303,303,303,303,299,303,303,303,303,303,303,303,303,303,303,303,13
7,both,1713,1748,1748,1748,1748,1748,1748,1713,1748,5,1713,1713,1748,1748,1748,1748,1748,1748,1713,1748,1748,1748,1748,1748,1706,1748,1748,1748,1748,1748,1748,1748,1748,1748,1748,1748,102
7,female,4865,5038,5038,5038,5038,5038,5038,4865,5038,7,4865,4865,5038,5038,5038,5038,5038,5038,4865,5038,5038,5038,5038,5038,4850,5038,5038,5038,5038,5038,5038,5038,5038,5038,5038,5038,138
7,male,74,74,74,74,74,74,74,74,74,0,74,74,74,74,74,74,74,74,74,74,74,74,74,74,74,74,74,74,74,74,74,74,74,74,74,74,6
7,none,302,306,306,306,306,306,306,302,306,2,302,302,306,306,306,306,306,306,302,306,306,306,306,306,302,306,306,306,306,306,306,306,306,306,306,306,5
8,both,1580,1609,1609,1609,1609,1609,1609,1580,1609,2,1580,1580,1609,1609,1609,1609,1609,1609,1580,1609,1609,1609,1609,1609,1579,1609,1609,1609,1609,1609,1609,1609,1609,1609,1609,1609,91
8,female,4494,4659,4659,4659,4659,4659,4659,4494,4659,15,4494,4494,4659,4659,4659,4659,4659,4659,4494,4659,4659,4659,4659,4659,4477,4659,4659,4659,4659,4659,4659,4659,4659,4659,4659,4659,116
8,male,81,82,82,82,82,82,82,81,82,0,81,81,82,82,82,82,82,82,81,82,82,82,82,82,81,82,82,82,82,82,82,82,82,82,82,82,6
8,none,295,299,299,299,299,299,299,295,299,0,295,295,299,299,299,299,299,299,295,299,299,299,299,299,295,299,299,299,299,299,299,299,299,299,299,299,9
9,both,1702,1747,1747,1747,1747,1747,1747,1702,1747,4,1702,1702,1747,1747,1747,1747,1747,1747,1702,1747,1747,1747,1747,1747,1701,1747,1747,1747,1747,1747,1747,1747,1747,1747,1747,1747,115
9,female,4651,4836,4836,4836,4836,4836,4836,4651,4836,3,4651,4651,4836,4836,4836,4836,4836,4836,4651,4836,4836,4836,4836,4836,4646,4836,4836,4836,4836,4836,4836,4836,4836,4836,4836,4836,126
9,male,76,77,77,77,77,77,77,76,77,0,76,76,77,77,77,77,77,77,76,77,77,77,77,77,76,77,77,77,77,77,77,77,77,77,77,77,8
9,none,365,375,375,375,375,375,375,365,375,2,365,365,375,375,375,375,375,375,365,375,375,375,375,375,365,375,375,375,375,375,375,375,375,375,375,375,11
10,both,1560,1580,1580,1580,1580,1580,1580,1560,1580,2,1560,1560,1580,1580,1580,1580,1580,1580,1560,1580,1580,1580,1580,1580,627,1580,1580,1580,1580,1580,1580,1580,1580,1580,1580,1580,102
10,female,4447,4599,4599,4599,4599,4599,4599,4447,4599,4,4447,4447,4599,4599,4599,4599,4599,4599,4447,4599,4599,4599,4599,4599,1837,4599,4599,4599,4599,4599,4599,4599,4599,4599,4599,4599,120
10,male,47,50,50,50,50,50,50,47,50,0,47,47,50,50,50,50,50,50,47,50,50,50,50,50,16,50,50,50,50,50,50,50,50,50,50,50,4
10,none,247,251,251,251,251,251,251,247,251,2,247,247,251,251,251,251,251,251,247,251,251,251,251,251,92,251,251,251,251,251,251,251,251,251,251,251,12
11,both,1579,1593,1593,1593,1593,1593,1593,1579,1593,3,1579,1579,1593,1593,1593,1593,1593,1593,1579,1593,1593,1593,1593,1593,0,1593,1593,1593,1593,1593,1593,1593,1593,1593,1593,1593,109
11,female,4303,4430,4430,4430,4430,4430,4430,4303,4430,7,4303,4303,4430,4430,4430,4430,4430,4430,4303,4430,4430,4430,4430,4430,0,4430,4430,4430,4430,4430,4430,4430,4430,4430,4430,4430,137
11,male,69,72,72,72,72,72,72,69,72,0,69,69,72,72,72,72,72,72,69,72,72,72,72,72,0,72,72,72,72,72,72,72,72,72,72,72,3
11,none,245,250,250,250,250,250,250,245,250,1,245,245,250,250,250,250,250,250,245,250,250,250,250,250,0,250,250,250,250,250,250,250,250,250,250,250,10
12,both,1711,1749,1749,1749,1749,1749,1749,1711,1749,2,1711,1711,1749,1749,1749,1749,1749,1749,1711,1749,1749,1749,1749,1749,0,1749,1749,1749,1749,1749,1749,1749,1749,1749,1749,1749,110
12,female,4302,4447,4447,4447,4447,4447,4447,4302,4447,5,4302,4302,4447,4447,4447,4447,4447,4447,4302,4447,4447,4447,4447,4447,0,4447,4447,4447,4447,4447,4447,4447,4447,4447,4447,4447,123
12,male,60,60,60,60,60,60,60,60,60,0,60,60,60,60,60,60,60,60,60,60,60,60,60,60,0,60,60,60,60,60,60,60,60,60,60,60,4
12,none,271,279,279,279,279,279,279,271,279,2,271,271,279,279,279,279,279,279,271,279,279,279,279,279,0,279,279,279,279,279,279,279,279,279,279,279,10
13,both,1647,1685,1685,1685,1685,1685,1685,1647,1685,10,1647,1647,1685,1685,1685,1685,1685,1685,1647,1685,1685,1685,1685,1685,0,1685,1685,1685,1685,1685,1685,1685,1685,1685,1685,1685,113
13,female,4054,4205,4205,4205,4205,4205,4205,4054,4205,6,4054,4054,4205,4205,4205,4205,4205,4205,4054,4205,4205,4205,4205,4205,0,4205,4205,4205,4205,4205,4205,4205,4205,4205,4205,4205,110
13,male,59,59,59,59,59,59,59,59,59,1,59,59,59,59,59,59,59,59,59,59,59,59,59,59,0,59,59,59,59,59,59,59,59,59,59,59,4
13,none,249,254,254,254,254,254,254,249,254,2,249,249,254,254,254,254,254,254,249,254,254,254,254,254,0,254,254,254,254,254,254,254,254,254,254,254,14
14,both,1724,1745,1745,1745,1745,1745,1745,1724,1745,2,1724,1724,1745,1745,1745,1745,1745,1745,1724,1745,1745,1745,1745,1745,1161,1745,1745,1745,1745,1745,1745,1745,1745,1745,1745,1745,103
14,female,4653,4777,4777,4777,4777,4777,4777,4653,4777,3,4653,4653,4777,4777,4777,4777,4777,4777,4653,4777,4777,4777,4777,4777,2977,4777,4777,4777,4777,4777,4777,4777,4777,4777,4777,4777,137
14,male,70,70,70,70,70,70,70,70,70,0,70,70,70,70,70,70,70,70,70,70,70,70,70,70,45,70,70,70,70,70,70,70,70,70,70,70,6
14,none,374,380,380,380,380,380,380,374,380,0,374,374,380,380,380,380,380,380,374,380,380,380,380,380,235,380,380,380,380,380,380,380,380,380,380,380,11
15,both,1705,1736,1736,1736,1736,1736,1736,1705,1736,0,1705,1705,1736,1736,1736,1736,1736,1736,1705,1736,1736,1736,1736,1736,1705,1736,1736,1736,1736,1736,1736,1736,1736,1736,1736,1736,132
15,female,4517,4666,4666,4666,4666,4666,4666,4517,4666,2,4517,4517,4666,4666,4666,4666,4666,4666,4517,4666,4666,4666,4666,4666,4505,4666,4666,4666,4666,4666,4666,4666,4666,4666,4666,4666,116
15,male,55,55,55,55,55,55,55,55,55,1,55,55,55,55,55,55,55,55,55,55,55,55,55,55,55,55,55,55,55,55,55,55,55,55,55,55,2
15,none,277,281,281,281,281,281,281,277,281,0,277,277,281,281,281,281,281,281,277,281,281,281,281,281,276,281,281,281,281,281,281,281,281,281,281,281,8
16,both,1671,1699,1699,1699,1699,1699,1699,1671,1699,1,1671,1671,1699,1699,1699,1699,1699,1699,1671,1699,1699,1699,1699,1699,1672,1699,1699,1699,1699,1699,1699,1699,1699,1699,1699,1699,122
16,female,4235,4391,4391,4391,4391,4391,4391,4235,4391,8,4235,4235,4391,4391,4391,4391,4391,4391,4235,4391,4391,4391,4391,4391,4230,4391,4391,4391,4391,4391,4391,4391,4391,4391,4391,4391,114
16,male,61,61,61,61,61,61,61,61,61,0,61,61,61,61,61,61,61,61,61,61,61,61,61,61,61,61,61,61,61,61,61,61,61,61,61,61,2
16,none,324,328,328,328,328,328,328,324,328,1,324,324,328,328,328,328,328,328,324,328,328,328,328,328,324,328,328,328,328,328,328,328,328,328,328,328,13
17,both,1764,1785,1785,1785,1785,1785,1785,1764,1785,1,1764,1764,1785,1785,1785,1785,1785,1785,1764,1785,1785,1785,1785,1785,1760,1785,1785,1785,1785,1785,1785,1785,1785,1785,1785,1785,123
17,female,4188,4304,4304,4304,4304,4304,4304,4188,4304,4,4188,4188,4304,4304,4304,4304,4304,4304,4188,4304,4304,4304,4304,4304,4181,4304,4304,4304,4304,4304,4304,4304,4304,4304,4304,4304,104
17,male,68,68,68,68,68,68,68,68,68,0,68,68,68,68,68,68,68,68,68,68,68,68,68,68,68,68,68,68,68,68,68,68,68,68,68,68,6
17,none,290,296,296,296,296,296,296,290,296,4,290,290,296,296,296,296,296,296,290,296,296,296,296,296,290,296,296,296,296,296,296,296,296,296,296,296,8
18,both,1688,1712,1712,1712,1712,1712,1712,1688,1712,3,1688,1688,1712,1712,1712,1712,1712,1712,1688,1712,1712,1712,1712,1712,1685,1712,1712,1712,1712,1712,1712,1712,1712,1712,1712,1712,112
18,female,4354,4499,4499,4499,4499,4499,4499,4354,4499,2,4354,4354,4499,4499,4499,4499,4499,4499,4354,4499,4499,4499,4499,4499,4344,4499,4499,4499,4499,4499,4499,4499,4499,4499,4499,4499,117
18,male,57,58,58,58,58,58,58,57,58,1,57,57,58,58,58,58,58,58,57,58,58,58,58,58,57,58,58,58,58,58,58,58,58,58,58,58,2
18,none,275,281,281,281,281,281,281,275,281,1,275,275,281,281,281,281,281,281,275,281,281,281,281,281,275,281,281,281,281,281,281,281,281,281,281,281,7
19,both,1715,1744,1744,1744,1744,1744,1744,1715,1744,4,1715,1715,1744,1744,1744,1744,1744,1744,1715,1744,1744,1744,1744,1744,1712,1744,1744,1744,1744,1744,1744,1744,1744,1744,1744,1744,129
19,female,4395,4545,4545,4545,4545,4545,4545,4395,4545,6,4395,4395,4545,4545,4545,4545,4545,4545,4395,4545,4545,4545,4545,4545,4392,4545,4545,4545,4545,4545,4545,4545,4545,4545,4545,4545,138
19,male,70,71,71,71,71,71,71,70,71,1,70,70,71,71,71,71,71,71,70,71,71,71,71,71,70,71,71,71,71,71,71,71,71,71,71,71,10
19,none,295,299,299,299,299,299,299,295,299,2,295,295,299,299,299,299,299,299,295,299,299,299,299,299,294,299,299,299,299,299,299,299,299,299,299,299,9
20,both,1559,1579,1579,1579,1579,1579,1579,1559,1579,5,1559,1559,1579,1579,1579,1579,1579,1579,1559,1579,1579,1579,1579,1579,1556,1579,1579,1579,1579,1579,1579,1579,1579,1579,1579,1579,111
20,female,4096,4233,4233,4233,4233,4233,4233,4096,4233,8,4096,4096,4233,4233,4233,4233,4233,4233,4096,4233,4233,4233,4233,4233,4085,4233,4233,4233,4233,4233,4233,4233,4233,4233,4233,4233,114
20,male,80,80,80,80,80,80,80,80,80,0,80,80,80,80,80,80,80,80,80,80,80,80,80,80,80,80,80,80,80,80,80,80,80,80,80,80,7
20,none,242,250,250,250,250,250,250,242,250,0,242,242,250,250,250,250,250,250,242,250,250,250,250,250,241,250,250,250,250,250,250,250,250,250,250,250,13
21,both,1623,1646,1646,1646,1646,1646,1646,1623,1646,4,1623,1623,1646,1646,1646,1646,1646,1646,1623,1646,1646,1646,1646,1646,1622,1646,1646,1646,1646,1646,1646,1646,1646,1646,1646,1646,104
21,female,4293,4436,4436,4436,4436,4436,4436,4293,4436,10,4293,4293,4436,4436,4436,4436,4436,4436,4293,4436,4436,4436,4436,4436,4281,4436,4436,4436,4436,4436,4436,4436,4436,4436,4436,4436,126
21,male,55,57,57,57,57,57,57,55,57,0,55,55,57,57,57,57,57,57,55,57,57,57,57,57,55,57,57,57,57,57,57,57,57,57,57,57,4
21,none,297,298,298,298,298,298,298,297,298,2,297,297,298,298,298,298,298,298,297,298,298,298,298,298,296,298,298,298,298,298,298,298,298,298,298,298,11
22,both,1622,1634,1634,1634,1634,1634,1634,1622,1634,2,1622,1622,1634,1634,1634,1634,1634,1634,1622,1634,1634,1634,1634,1634,1619,1634,1634,1634,1634,1634,1634,1634,1634,1634,1634,1634,101
22,female,4280,4400,4400,4400,4400,4400,4400,4280,4400,8,4280,4280,4400,4400,4400,4400,4400,4400,4280,4400,4400,4400,4400,4400,4272,4400,4400,4400,4400,4400,4400,4400,4400,4400,4400,4400,123
22,male,53,54,54,54,54,54,54,53,54,0,53,53,54,54,54,54,54,54,53,54,54,54,54,54,53,54,54,54,54,54,54,54,54,54,54,54,5
22,none,266,271,271,271,271,271,271,266,271,1,266,266,271,271,271,271,271,271,266,271,271,271,271,271,265,271,271,271,271,271,271,271,271,271,271,271,10
23,both,1691,1714,1714,1714,1714,1714,1714,1691,1714,2,1691,1691,1714,1714,1714,1714,1714,1714,1691,1714,1714,1714,1714,1714,1689,1714,1714,1714,1714,1714,1714,1714,1714,1714,1714,1714,107
23,female,4504,4622,4622,4622,4622,4622,4622,4504,4622,6,4504,4504,4622,4622,4622,4622,4622,4622,4504,4622,4622,4622,4622,4622,4491,4622,4622,4622,4622,4622,4622,4622,4622,4622,4622,4622,105
23,male,69,69,69,69,69,69,69,69,69,0,69,69,69,69,69,69,69,69,69,69,69,69,69,69,69,69,69,69,69,69,69,69,69,69,69,69,6
23,none,381,384,384,384,384,384,384,381,384,0,381,381,384,384,384,384,384,384,381,384,384,384,384,384,381,384,384,384,384,384,384,384,384,384,384,384,11
24,both,1716,1741,1741,1741,1741,1741,1741,1716,1741,2,1716,1716,1741,1741,1741,1741,1741,1741,1716,1741,1741,1741,1741,1741,1713,1741,1741,1741,1741,1741,1741,1741,1741,1741,1741,1741,102
24,female,4268,4396,4396,4396,4396,4396,4396,4268,4396,6,4268,4268,4396,4396,4396,4396,4396,4396,4268,4396,4396,4396,4396,4396,4258,4396,4396,4396,4396,4396,4396,4396,4396,4396,4396,4396,102
24,male,64,64,64,64,64,64,64,64,64,0,64,64,64,64,64,64,64,64,64,64,64,64,64,64,64,64,64,64,64,64,64,64,64,64,64,64,3
24,none,304,307,307,307,307,307,307,304,307,2,304,304,307,307,307,307,307,307,304,307,307,307,307,307,303,307,307,307,307,307,307,307,307,307,307,307,13
25,both,1633,1649,1649,1649,1649,1649,1649,1633,1649,2,1633,1633,1649,1649,1649,1649,1649,1649,1633,1649,1649,1649,1649,1649,1629,1649,1649,1649,1649,1649,1649,1649,1649,1649,1649,1649,101
25,female,4104,4223,4223,4223,4223,4223,4223,4104,4223,4,4104,4104,4223,4223,4223,4223,4223,4223,4104,4223,4223,4223,4223,4223,4093,4223,4223,4223,4223,4223,4223,4223,4223,4223,4223,4223,126
25,male,57,57,57,57,57,57,57,57,57,0,57,57,57,57,57,57,57,57,57,57,57,57,57,57,57,57,57,57,57,57,57,57,57,57,57,57,4
25,none,275,278,278,278,278,278,278,275,278,2,275,275,278,278,278,278,278,278,275,278,278,278,278,278,275,278,278,278,278,278,278,278,278,278,278,278,11
26,both,1600,1624,1624,1624,1624,1624,1624,1600,1624,7,1600,1600,1624,1624,1624,1624,1624,1624,1600,1624,1624,1624,1624,1624,1599,1624,1624,1624,1624,1624,1624,1624,1624,1624,1624,1624,96
26,female,4340,4448,4448,4448,4448,4448,4448,4340,4448,4,4340,4340,4448,4448,4448,4448,4448,4448,4340,4448,4448,4448,4448,4448,4332,4448,4448,4448,4448,4448,4448,4448,4448,4448,4448,4448,128
26,male,68,69,69,69,69,69,69,68,69,0,68,68,69,69,69,69,69,69,68,69,69,69,69,69,68,69,69,69,69,69,69,69,69,69,69,69,4
26,none,277,282,282,282,282,282,282,277,282,0,277,277,282,282,282,282,282,282,277,282,282,282,282,282,275,282,282,282,282,282,282,282,282,282,282,282,9
27,both,1570,1593,1593,1593,1593,1593,1593,1570,1593,2,1570,1570,1593,1593,1593,1593,1593,1593,1570,1593,1593,1593,1593,1593,1568,1593,1593,1593,1593,1593,1593,1593,1593,1593,1593,1593,107
27,female,4322,4463,4463,4463,4463,4463,4463,4322,4463,9,4322,4322,4463,4463,4463,4463,4463,4463,4322,4463,4463,4463,4463,4463,4310,4463,4463,4463,4463,4463,4463,4463,4463,4463,4463,4463,119
27,male,74,74,74,74,74,74,74,74,74,0,74,74,74,74,74,74,74,74,74,74,74,74,74,74,74,74,74,74,74,74,74,74,74,74,74,74,7
27,none,294,301,301,301,301,301,301,294,301,0,294,294,301,301,301,301,301,301,294,301,301,301,301,301,294,301,301,301,301,301,301,301,301,301,301,301,12
28,both,1640,1656,1656,1656,1656,1656,1656,1640,1656,0,1640,1640,1656,1656,1656,1656,1656,1656,1640,1656,1656,1656,1656,1656,1640,1656,1656,1656,1656,1656,1656,1656,1656,1656,1656,1656,101
28,female,4275,4418,4418,4418,4418,4418,4418,4275,4418,3,4275,4275,4418,4418,4418,4418,4418,4418,4275,4418,4418,4418,4418,4418,4273,4418,4418,4418,4418,4418,4418,4418,4418,4418,4418,4418,118
28,male,57,57,57,57,57,57,57,57,57,0,57,57,57,57,57,57,57,57,57,57,57,57,57,57,57,57,57,57,57,57,57,57,57,57,57,57,5
28,none,293,295,295,295,295,295,295,293,295,1,293,293,295,295,295,295,295,295,293,295,295,295,295,295,293,295,295,295,295,295,295,295,295,295,295,295,13
29,both,1614,1642,1642,1642,1642,1642,1642,1614,1642,4,1614,1614,1642,1642,1642,1642,1642,1642,1614,1642,1642,1642,1642,1642,1614,1642,1642,1642,1642,1642,1642,1642,1642,1642,1642,1642,108
29,female,4242,4364,4364,4364,4364,4364,4364,4242,4364,2,4242,4242,4364,4364,4364,4364,4364,4364,4242,4364,4364,4364,4364,4364,4241,4364,4364,4364,4364,4364,4364,4364,4364,4364,4364,4364,99
29,male,49,49,49,49,49,49,49,49,49,0,49,49,49,49,49,49,49,49,49,49,49,49,49,49,49,49,49,49,49,49,49,49,49,49,49,49,3
29,none,208,210,210,210,210,210,210,208,210,0,208,208,210,210,210,210,210,210,208,210,210,210,210,210,208,210,210,210,210,210,210,210,210,210,210,210,7
30,both,2073,2087,2087,2087,2087,2087,2087,2073,2087,2,2073,2073,2087,2087,2087,2087,2087,2087,2073,2087,2087,2087,2087,2087,2073,2087,2087,2087,2087,2087,2087,2087,2087,2087,2087,2087,116
30,female,4507,4630,4630,4630,4630,4630,4630,4507,4630,8,4507,4507,4630,4630,4630,4630,4630,4630,4507,4630,4630,4630,4630,4630,4507,4630,4630,4630,4630,4630,4630,4630,4630,4630,4630,4630,118
30,male,46,46,46,46,46,46,46,46,46,0,46,46,46,46,46,46,46,46,46,46,46,46,46,46,46,46,46,46,46,46,46,46,46,46,46,46,2
30,none,253,258,258,258,258,258,258,253,258,2,253,253,258,258,258,258,258,258,253,258,258,258,258,258,254,258,258,258,258,258,258,258,258,258,258,258,15
31,both,1799,1819,1819,1819,1819,1819,1819,1799,1819,2,1799,1799,1819,1819,1819,1819,1819,1819,1799,1819,1819,1819,1819,1819,1799,1819,1819,1819,1819,1819,1819,1819,1819,1819,1819,1819,113
31,female,4228,4368,4368,4368,4368,4368,4368,4228,4368,5,4228,4228,4368,4368,4368,4368,4368,4368,4228,4368,4368,4368,4368,4368,4225,4368,4368,4368,4368,4368,4368,4368,4368,4368,4368,4368,105
31,male,43,44,44,44,44,44,44,43,44,0,43,43,44,44,44,44,44,44,43,44,44,44,44,44,43,44,44,44,44,44,44,44,44,44,44,44,7
31,none,280,284,284,284,284,284,284,280,284,2,280,280,284,284,284,284,284,284,280,284,284,284,284,284,280,284,284,284,284,284,284,284,284,284,284,284,8
