created_day,gender,Unnamed: 0,all_awardings,author,author_flair_type,author_fullname,author_premium,body,body_sha1,controversiality,created_utc,distinguished,edited,gildings,id,is_submitter,link_id,parent_id,permalink,retrieved_utc,score,status,subreddit,subreddit_id,subreddit_name_prefixed,subreddit_type,updated_body,davidson_label,toxicity,severe_toxicity,obscene,identity_attack,insult,threat,sexual_explicit,submission_id,created,retrieved,modified
1,both,1711,1655,1711,1711,1711,1711,1711,1711,1655,1711,1,1655,1655,1711,1711,1711,1711,1711,1711,1655,1711,1711,1711,1711,1711,1653,1711,1711,1711,1711,1711,1711,1711,1711,1711,1711,1711,101
1,female,5009,4794,5009,5009,5009,5009,5009,5009,4794,5009,4,4794,4794,5009,5009,5009,5009,5009,5009,4794,5009,5009,5009,5009,5009,4788,5009,5009,5009,5009,5009,5009,5009,5009,5009,5009,5009,112
1,male,40,40,40,40,40,40,40,40,40,40,0,40,40,40,40,40,40,40,40,40,40,40,40,40,40,40,40,40,40,40,40,40,40,40,40,40,40,2
1,none,113,113,113,113,113,113,113,113,113,113,0,113,113,113,113,113,113,113,113,113,113,113,113,113,113,113,113,113,113,113,113,113,113,113,113,113,113,7
2,both,1778,1724,1778,1778,1778,1778,1778,1778,1724,1778,4,1724,1724,1778,1778,1778,1778,1778,1778,1724,1778,1778,1778,1778,1778,1720,1778,1778,1778,1778,1778,1778,1778,1778,1778,1778,1778,107
2,female,4992,4770,4992,4992,4992,4992,4992,4992,4770,4992,11,4770,4770,4992,4992,4992,4992,4992,4992,4770,4992,4992,4992,4992,4992,4757,4992,4992,4992,4992,4992,4992,4992,4992,4992,4992,4992,112
2,male,30,30,30,30,30,30,30,30,30,30,0,30,30,30,30,30,30,30,30,30,30,30,30,30,30,30,30,30,30,30,30,30,30,30,30,30,30,5
2,none,139,139,139,139,139,139,139,139,139,139,0,139,139,139,139,139,139,139,139,139,139,139,139,139,139,139,139,139,139,139,139,139,139,139,139,139,139,6
3,both,1810,1763,1810,1810,1810,1810,1810,1810,1763,1810,7,1763,1763,1810,1810,1810,1810,1810,1810,1763,1810,1810,1810,1810,1810,1748,1810,1810,1810,1810,1810,1810,1810,1810,1810,1810,1810,121
3,female,5316,5105,5316,5316,5316,5316,5316,5316,5105,5316,7,5105,5105,5316,5316,5316,5316,5316,5316,5105,5316,5316,5316,5316,5316,5081,5316,5316,5316,5316,5316,5316,5316,5316,5316,5316,5316,136
3,male,36,36,36,36,36,36,36,36,36,36,0,36,36,36,36,36,36,36,36,36,36,36,36,36,36,36,36,36,36,36,36,36,36,36,36,36,36,2
3,none,142,142,142,142,142,142,142,142,142,142,0,142,142,142,142,142,142,142,142,142,142,142,142,142,142,142,142,142,142,142,142,142,142,142,142,142,142,4
4,both,1875,1820,1875,1875,1875,1875,1875,1875,1820,1875,2,1820,1820,1875,1875,1875,1875,1875,1875,1820,1875,1875,1875,1875,1875,1808,1875,1875,1875,1875,1875,1875,1875,1875,1875,1875,1875,106
4,female,5750,5554,5750,5750,5750,5750,5750,5750,5554,5750,6,5554,5554,5750,5750,5750,5750,5750,5750,5554,5750,5750,5750,5750,5750,5540,5750,5750,5750,5750,5750,5750,5750,5750,5750,5750,5750,131
4,male,50,50,50,50,50,50,50,50,50,50,0,50,50,50,50,50,50,50,50,50,50,50,50,50,50,50,50,50,50,50,50,50,50,50,50,50,50,3
4,none,168,168,168,168,168,168,168,168,168,168,0,168,168,168,168,168,168,168,168,168,168,168,168,168,168,168,168,168,168,168,168,168,168,168,168,168,168,8
5,both,1855,1824,1855,1855,1855,1855,1855,1855,1824,1855,1,1824,1824,1855,1855,1855,1855,1855,1855,1824,1855,1855,1855,1855,1855,1820,1855,1855,1855,1855,1855,1855,1855,1855,1855,1855,1855,119
5,female,5051,4864,5051,5051,5051,5051,5051,5051,4864,5051,6,4864,4864,5051,5051,5051,5051,5051,5051,4864,5051,5051,5051,5051,5051,4845,5051,5051,5051,5051,5051,5051,5051,5051,5051,5051,5051,144
5,male,47,47,47,47,47,47,47,47,47,47,0,47,47,47,47,47,47,47,47,47,47,47,47,47,47,47,47,47,47,47,47,47,47,47,47,47,47,0
5,none,163,163,163,163,163,163,163,163,163,163,0,163,163,163,163,163,163,163,163,163,163,163,163,163,163,163,163,163,163,163,163,163,163,163,163,163,163,9
6,both,1737,1705,1737,1737,1737,1737,1737,1737,1705,1737,1,1705,1705,1737,1737,1737,1737,1737,1737,1705,1737,1737,1737,1737,1737,1702,1737,1737,1737,1737,1737,1737,1737,1737,1737,1737,1737,106
6,female,4789,4616,4789,4789,4789,4789,4789,4789,4616,4789,8,4616,4616,4789,4789,4789,4789,4789,4789,4616,4789,4789,4789,4789,4789,4607,4789,4789,4789,4789,4789,4789,4789,4789,4789,4789,4789,154
6,male,52,52,52,52,52,52,52,52,52,52,0,52,52,52,52,52,52,52,52,52,52,52,52,52,52,52,52,52,52,52,52,52,52,52,52,52,52,2
6,none,166,166,166,166,166,166,166,166,166,166,1,166,166,166,166,166,166,166,166,166,166,166,166,166,166,166,166,166,166,166,166,166,166,166,166,166,166,7
7,both,1796,1761,1796,1796,1796,1796,1796,1796,1761,1796,5,1761,1761,1796,1796,1796,1796,1796,1796,1761,1796,1796,1796,1796,1796,1754,1796,1796,1796,1796,1796,1796,1796,1796,1796,1796,1796,103
7,female,5131,4955,5131,5131,5131,5131,5131,5131,4955,5131,9,4955,4955,5131,5131,5131,5131,5131,5131,4955,5131,5131,5131,5131,5131,4940,5131,5131,5131,5131,5131,5131,5131,5131,5131,5131,5131,139
7,male,58,58,58,58,58,58,58,58,58,58,0,58,58,58,58,58,58,58,58,58,58,58,58,58,58,58,58,58,58,58,58,58,58,58,58,58,58,6
7,none,181,180,181,181,181,181,181,181,180,181,0,180,180,181,181,181,181,181,181,180,181,181,181,181,181,180,181,181,181,181,181,181,181,181,181,181,181,3
8,both,1646,1616,1646,1646,1646,1646,1646,1646,1616,1646,2,1616,1616,1646,1646,1646,1646,1646,1646,1616,1646,1646,1646,1646,1646,1615,1646,1646,1646,1646,1646,1646,1646,1646,1646,1646,1646,93
8,female,4757,4589,4757,4757,4757,4757,4757,4757,4589,4757,15,4589,4589,4757,4757,4757,4757,4757,4757,4589,4757,4757,4757,4757,4757,4572,4757,4757,4757,4757,4757,4757,4757,4757,4757,4757,4757,119
8,male,63,63,63,63,63,63,63,63,63,63,0,63,63,63,63,63,63,63,63,63,63,63,63,63,63,63,63,63,63,63,63,63,63,63,63,63,63,4
8,none,183,182,183,183,183,183,183,183,182,183,0,182,182,183,183,183,183,183,183,182,183,183,183,183,183,182,183,183,183,183,183,183,183,183,183,183,183,6
9,both,1804,1757,1804,1804,1804,1804,1804,1804,1757,1804,4,1757,1757,1804,1804,1804,1804,1804,1804,1757,1804,1804,1804,1804,1804,1757,1804,1804,1804,1804,1804,1804,1804,1804,1804,1804,1804,121
9,female,4949,4756,4949,4949,4949,4949,4949,4949,4756,4949,5,4756,4756,4949,4949,4949,4949,4949,4949,4756,4949,4949,4949,4949,4949,4750,4949,4949,4949,4949,4949,4949,4949,4949,4949,4949,4949,126
9,male,50,50,50,50,50,50,50,50,50,50,0,50,50,50,50,50,50,50,50,50,50,50,50,50,50,50,50,50,50,50,50,50,50,50,50,50,50,3
9,none,232,231,232,232,232,232,232,232,231,232,0,231,231,232,232,232,232,232,232,231,232,232,232,232,232,231,232,232,232,232,232,232,232,232,232,232,232,10
10,both,1615,1592,1615,1615,1615,1615,1615,1615,1592,1615,3,1592,1592,1615,1615,1615,1615,1615,1615,1592,1615,1615,1615,1615,1615,635,1615,1615,1615,1615,1615,1615,1615,1615,1615,1615,1615,103
10,female,4693,4538,4693,4693,4693,4693,4693,4693,4538,4693,5,4538,4538,4693,4693,4693,4693,4693,4693,4538,4693,4693,4693,4693,4693,1866,4693,4693,4693,4693,4693,4693,4693,4693,4693,4693,4693,123
10,male,33,32,33,33,33,33,33,33,32,33,0,32,32,33,33,33,33,33,33,32,33,33,33,33,33,13,33,33,33,33,33,33,33,33,33,33,33,3
10,none,139,139,139,139,139,139,139,139,139,139,0,139,139,139,139,139,139,139,139,139,139,139,139,139,139,58,139,139,139,139,139,139,139,139,139,139,139,9
11,both,1634,1617,1634,1634,1634,1634,1634,1634,1617,1634,3,1617,1617,1634,1634,1634,1634,1634,1634,1617,1634,1634,1634,1634,1634,0,1634,1634,1634,1634,1634,1634,1634,1634,1634,1634,1634,113
11,female,4522,4392,4522,4522,4522,4522,4522,4522,4392,4522,8,4392,4392,4522,4522,4522,4522,4522,4522,4392,4522,4522,4522,4522,4522,0,4522,4522,4522,4522,4522,4522,4522,4522,4522,4522,4522,140
11,male,48,47,48,48,48,48,48,48,47,48,0,47,47,48,48,48,48,48,48,47,48,48,48,48,48,0,48,48,48,48,48,48,48,48,48,48,48,1
11,none,141,140,141,141,141,141,141,141,140,141,0,140,140,141,141,141,141,141,141,140,141,141,141,141,141,0,141,141,141,141,141,141,141,141,141,141,141,5
12,both,1802,1761,1802,1802,1802,1802,1802,1802,1761,1802,2,1761,1761,1802,1802,1802,1802,1802,1802,1761,1802,1802,1802,1802,1802,0,1802,1802,1802,1802,1802,1802,1802,1802,1802,1802,1802,114
12,female,4548,4400,4548,4548,4548,4548,4548,4548,4400,4548,7,4400,4400,4548,4548,4548,4548,4548,4548,4400,4548,4548,4548,4548,4548,0,4548,4548,4548,4548,4548,4548,4548,4548,4548,4548,4548,121
12,male,39,39,39,39,39,39,39,39,39,39,0,39,39,39,39,39,39,39,39,39,39,39,39,39,39,0,39,39,39,39,39,39,39,39,39,39,39,3
12,none,146,144,146,146,146,146,146,146,144,146,0,144,144,146,146,146,146,146,146,144,146,146,146,146,146,0,146,146,146,146,146,146,146,146,146,146,146,9
13,both,1717,1679,1717,1717,1717,1717,1717,1717,1679,1717,11,1679,1679,1717,1717,1717,1717,1717,1717,1679,1717,1717,1717,1717,1717,0,1717,1717,1717,1717,1717,1717,1717,1717,1717,1717,1717,115
13,female,4302,4147,4302,4302,4302,4302,4302,4302,4147,4302,8,4147,4147,4302,4302,4302,4302,4302,4302,4147,4302,4302,4302,4302,4302,0,4302,4302,4302,4302,4302,4302,4302,4302,4302,4302,4302,114
13,male,44,44,44,44,44,44,44,44,44,44,0,44,44,44,44,44,44,44,44,44,44,44,44,44,44,0,44,44,44,44,44,44,44,44,44,44,44,4
13,none,140,139,140,140,140,140,140,140,139,140,0,139,139,140,140,140,140,140,140,139,140,140,140,140,140,0,140,140,140,140,140,140,140,140,140,140,140,8
14,both,1787,1766,1787,1787,1787,1787,1787,1787,1766,1787,2,1766,1766,1787,1787,1787,1787,1787,1787,1766,1787,1787,1787,1787,1787,1188,1787,1787,1787,1787,1787,1787,1787,1787,1787,1787,1787,107
14,female,4880,4751,4880,4880,4880,4880,4880,4880,4751,4880,3,4751,4751,4880,4880,4880,4880,4880,4880,4751,4880,4880,4880,4880,4880,3050,4880,4880,4880,4880,4880,4880,4880,4880,4880,4880,4880,142
14,male,47,47,47,47,47,47,47,47,47,47,0,47,47,47,47,47,47,47,47,47,47,47,47,47,47,28,47,47,47,47,47,47,47,47,47,47,47,3
14,none,258,257,258,258,258,258,258,258,257,258,0,257,257,258,258,258,258,258,258,257,258,258,258,258,258,152,258,258,258,258,258,258,258,258,258,258,258,5
15,both,1779,1746,1779,1779,1779,1779,1779,1779,1746,1779,1,1746,1746,1779,1779,1779,1779,1779,1779,1746,1779,1779,1779,1779,1779,1746,1779,1779,1779,1779,1779,1779,1779,1779,1779,1779,1779,132
15,female,4754,4604,4754,4754,4754,4754,4754,4754,4604,4754,2,4604,4604,4754,4754,4754,4754,4754,4754,4604,4754,4754,4754,4754,4754,4591,4754,4754,4754,4754,4754,4754,4754,4754,4754,4754,4754,117
15,male,35,35,35,35,35,35,35,35,35,35,0,35,35,35,35,35,35,35,35,35,35,35,35,35,35,35,35,35,35,35,35,35,35,35,35,35,35,2
15,none,170,169,170,170,170,170,170,170,169,170,0,169,169,170,170,170,170,170,170,169,170,170,170,170,170,169,170,170,170,170,170,170,170,170,170,170,170,7
16,both,1740,1711,1740,1740,1740,1740,1740,1740,1711,1740,2,1711,1711,1740,1740,1740,1740,1740,1740,1711,1740,1740,1740,1740,1740,1712,1740,1740,1740,1740,1740,1740,1740,1740,1740,1740,1740,124
16,female,4478,4319,4478,4478,4478,4478,4478,4478,4319,4478,8,4319,4319,4478,4478,4478,4478,4478,4478,4319,4478,4478,4478,4478,4478,4314,4478,4478,4478,4478,4478,4478,4478,4478,4478,4478,4478,117
16,male,47,47,47,47,47,47,47,47,47,47,0,47,47,47,47,47,47,47,47,47,47,47,47,47,47,47,47,47,47,47,47,47,47,47,47,47,47,2
16,none,214,214,214,214,214,214,214,214,214,214,0,214,214,214,214,214,214,214,214,214,214,214,214,214,214,214,214,214,214,214,214,214,214,214,214,214,214,8
17,both,1825,1803,1825,1825,1825,1825,1825,1825,1803,1825,1,1803,1803,1825,1825,1825,1825,1825,1825,1803,1825,1825,1825,1825,1825,1799,1825,1825,1825,1825,1825,1825,1825,1825,1825,1825,1825,127
17,female,4403,4282,4403,4403,4403,4403,4403,4403,4282,4403,6,4282,4282,4403,4403,4403,4403,4403,4403,4282,4403,4403,4403,4403,4403,4275,4403,4403,4403,4403,4403,4403,4403,4403,4403,4403,4403,106
17,male,52,52,52,52,52,52,52,52,52,52,0,52,52,52,52,52,52,52,52,52,52,52,52,52,52,52,52,52,52,52,52,52,52,52,52,52,52,4
17,none,173,173,173,173,173,173,173,173,173,173,2,173,173,173,173,173,173,173,173,173,173,173,173,173,173,173,173,173,173,173,173,173,173,173,173,173,173,4
18,both,1753,1727,1753,1753,1753,1753,1753,1753,1727,1753,4,1727,1727,1753,1753,1753,1753,1753,1753,1727,1753,1753,1753,1753,1753,1724,1753,1753,1753,1753,1753,1753,1753,1753,1753,1753,1753,112
18,female,4614,4465,4614,4614,4614,4614,4614,4614,4465,4614,3,4465,4465,4614,4614,4614,4614,4614,4614,4465,4614,4614,4614,4614,4614,4455,4614,4614,4614,4614,4614,4614,4614,4614,4614,4614,4614,117
18,male,39,39,39,39,39,39,39,39,39,39,0,39,39,39,39,39,39,39,39,39,39,39,39,39,39,39,39,39,39,39,39,39,39,39,39,39,39,2
18,none,144,143,144,144,144,144,144,144,143,144,0,143,143,144,144,144,144,144,144,143,144,144,144,144,144,143,144,144,144,144,144,144,144,144,144,144,144,7
19,both,1784,1752,1784,1784,1784,1784,1784,1784,1752,1784,5,1752,1752,1784,1784,1784,1784,1784,1784,1752,1784,1784,1784,1784,1784,1749,1784,1784,1784,1784,1784,1784,1784,1784,1784,1784,1784,131
19,female,4651,4500,4651,4651,4651,4651,4651,4651,4500,4651,7,4500,4500,4651,4651,4651,4651,4651,4651,4500,4651,4651,4651,4651,4651,4496,4651,4651,4651,4651,4651,4651,4651,4651,4651,4651,4651,139
19,male,48,48,48,48,48,48,48,48,48,48,0,48,48,48,48,48,48,48,48,48,48,48,48,48,48,48,48,48,48,48,48,48,48,48,48,48,48,8
19,none,176,175,176,176,176,176,176,176,175,176,1,175,175,176,176,176,176,176,176,175,176,176,176,176,176,175,176,176,176,176,176,176,176,176,176,176,176,8
20,both,1626,1606,1626,1626,1626,1626,1626,1626,1606,1626,5,1606,1606,1626,1626,1626,1626,1626,1626,1606,1626,1626,1626,1626,1626,1603,1626,1626,1626,1626,1626,1626,1626,1626,1626,1626,1626,113
20,female,4332,4188,4332,4332,4332,4332,4332,4332,4188,4332,8,4188,4188,4332,4332,4332,4332,4332,4332,4188,4332,4332,4332,4332,4332,4176,4332,4332,4332,4332,4332,4332,4332,4332,4332,4332,4332,115
20,male,52,52,52,52,52,52,52,52,52,52,0,52,52,52,52,52,52,52,52,52,52,52,52,52,52,52,52,52,52,52,52,52,52,52,52,52,52,7
20,none,132,131,132,132,132,132,132,132,131,132,0,131,131,132,132,132,132,132,132,131,132,132,132,132,132,131,132,132,132,132,132,132,132,132,132,132,132,10
21,both,1698,1673,1698,1698,1698,1698,1698,1698,1673,1698,4,1673,1673,1698,1698,1698,1698,1698,1698,1673,1698,1698,1698,1698,1698,1672,1698,1698,1698,1698,1698,1698,1698,1698,1698,1698,1698,106
21,female,4537,4393,4537,4537,4537,4537,4537,4537,4393,4537,12,4393,4393,4537,4537,4537,4537,4537,4537,4393,4537,4537,4537,4537,4537,4380,4537,4537,4537,4537,4537,4537,4537,4537,4537,4537,4537,129
21,male,32,32,32,32,32,32,32,32,32,32,0,32,32,32,32,32,32,32,32,32,32,32,32,32,32,32,32,32,32,32,32,32,32,32,32,32,32,4
21,none,170,170,170,170,170,170,170,170,170,170,0,170,170,170,170,170,170,170,170,170,170,170,170,170,170,170,170,170,170,170,170,170,170,170,170,170,170,6
22,both,1669,1656,1669,1669,1669,1669,1669,1669,1656,1669,2,1656,1656,1669,1669,1669,1669,1669,1669,1656,1669,1669,1669,1669,1669,1653,1669,1669,1669,1669,1669,1669,1669,1669,1669,1669,1669,103
22,female,4503,4378,4503,4503,4503,4503,4503,4503,4378,4503,9,4378,4378,4503,4503,4503,4503,4503,4503,4378,4503,4503,4503,4503,4503,4369,4503,4503,4503,4503,4503,4503,4503,4503,4503,4503,4503,125
22,male,38,38,38,38,38,38,38,38,38,38,0,38,38,38,38,38,38,38,38,38,38,38,38,38,38,38,38,38,38,38,38,38,38,38,38,38,38,3
22,none,149,149,149,149,149,149,149,149,149,149,0,149,149,149,149,149,149,149,149,149,149,149,149,149,149,149,149,149,149,149,149,149,149,149,149,149,149,8
23,both,1759,1736,1759,1759,1759,1759,1759,1759,1736,1759,2,1736,1736,1759,1759,1759,1759,1759,1759,1736,1759,1759,1759,1759,1759,1734,1759,1759,1759,1759,1759,1759,1759,1759,1759,1759,1759,110
23,female,4728,4607,4728,4728,4728,4728,4728,4728,4607,4728,6,4607,4607,4728,4728,4728,4728,4728,4728,4607,4728,4728,4728,4728,4728,4594,4728,4728,4728,4728,4728,4728,4728,4728,4728,4728,4728,107
23,male,47,47,47,47,47,47,47,47,47,47,0,47,47,47,47,47,47,47,47,47,47,47,47,47,47,47,47,47,47,47,47,47,47,47,47,47,47,4
23,none,255,255,255,255,255,255,255,255,255,255,0,255,255,255,255,255,255,255,255,255,255,255,255,255,255,255,255,255,255,255,255,255,255,255,255,255,255,8
24,both,1786,1761,1786,1786,1786,1786,1786,1786,1761,1786,2,1761,1761,1786,1786,1786,1786,1786,1786,1761,1786,1786,1786,1786,1786,1758,1786,1786,1786,1786,1786,1786,1786,1786,1786,1786,1786,104
24,female,4510,4379,4510,4510,4510,4510,4510,4510,4379,4510,8,4379,4379,4510,4510,4510,4510,4510,4510,4379,4510,4510,4510,4510,4510,4368,4510,4510,4510,4510,4510,4510,4510,4510,4510,4510,4510,103
24,male,40,40,40,40,40,40,40,40,40,40,0,40,40,40,40,40,40,40,40,40,40,40,40,40,40,40,40,40,40,40,40,40,40,40,40,40,40,1
24,none,172,172,172,172,172,172,172,172,172,172,0,172,172,172,172,172,172,172,172,172,172,172,172,172,172,172,172,172,172,172,172,172,172,172,172,172,172,12
25,both,1692,1676,1692,1692,1692,1692,1692,1692,1676,1692,4,1676,1676,1692,1692,1692,1692,1692,1692,1676,1692,1692,1692,1692,1692,1672,1692,1692,1692,1692,1692,1692,1692,1692,1692,1692,1692,104
25,female,4335,4214,4335,4335,4335,4335,4335,4335,4214,4335,4,4214,4214,4335,4335,4335,4335,4335,4335,4214,4335,4335,4335,4335,4335,4203,4335,4335,4335,4335,4335,4335,4335,4335,4335,4335,4335,130
25,male,33,33,33,33,33,33,33,33,33,33,0,33,33,33,33,33,33,33,33,33,33,33,33,33,33,33,33,33,33,33,33,33,33,33,33,33,33,2
25,none,147,146,147,147,147,147,147,147,146,147,0,146,146,147,147,147,147,147,147,146,147,147,147,147,147,146,147,147,147,147,147,147,147,147,147,147,147,6
26,both,1668,1643,1668,1668,1668,1668,1668,1668,1643,1668,7,1643,1643,1668,1668,1668,1668,1668,1668,1643,1668,1668,1668,1668,1668,1642,1668,1668,1668,1668,1668,1668,1668,1668,1668,1668,1668,96
26,female,4558,4445,4558,4558,4558,4558,4558,4558,4445,4558,4,4445,4445,4558,4558,4558,4558,4558,4558,4445,4558,4558,4558,4558,4558,4435,4558,4558,4558,4558,4558,4558,4558,4558,4558,4558,4558,130
26,male,47,47,47,47,47,47,47,47,47,47,0,47,47,47,47,47,47,47,47,47,47,47,47,47,47,47,47,47,47,47,47,47,47,47,47,47,47,4
26,none,150,150,150,150,150,150,150,150,150,150,0,150,150,150,150,150,150,150,150,150,150,150,150,150,150,150,150,150,150,150,150,150,150,150,150,150,150,7
27,both,1638,1613,1638,1638,1638,1638,1638,1638,1613,1638,2,1613,1613,1638,1638,1638,1638,1638,1638,1613,1638,1638,1638,1638,1638,1611,1638,1638,1638,1638,1638,1638,1638,1638,1638,1638,1638,109
27,female,4564,4419,4564,4564,4564,4564,4564,4564,4419,4564,9,4419,4419,4564,4564,4564,4564,4564,4564,4419,4564,4564,4564,4564,4564,4407,4564,4564,4564,4564,4564,4564,4564,4564,4564,4564,4564,120
27,male,63,63,63,63,63,63,63,63,63,63,0,63,63,63,63,63,63,63,63,63,63,63,63,63,63,63,63,63,63,63,63,63,63,63,63,63,63,7
27,none,166,165,166,166,166,166,166,166,165,166,0,165,165,166,166,166,166,166,166,165,166,166,166,166,166,165,166,166,166,166,166,166,166,166,166,166,166,9
28,both,1698,1682,1698,1698,1698,1698,1698,1698,1682,1698,0,1682,1682,1698,1698,1698,1698,1698,1698,1682,1698,1698,1698,1698,1698,1682,1698,1698,1698,1698,1698,1698,1698,1698,1698,1698,1698,104
28,female,4513,4368,4513,4513,4513,4513,4513,4513,4368,4513,4,4368,4368,4513,4513,4513,4513,4513,4513,4368,4513,4513,4513,4513,4513,4366,4513,4513,4513,4513,4513,4513,4513,4513,4513,4513,4513,121
28,male,37,37,37,37,37,37,37,37,37,37,0,37,37,37,37,37,37,37,37,37,37,37,37,37,37,37,37,37,37,37,37,37,37,37,37,37,37,2
28,none,178,178,178,178,178,178,178,178,178,178,0,178,178,178,178,178,178,178,178,178,178,178,178,178,178,178,178,178,178,178,178,178,178,178,178,178,178,10
29,both,1683,1655,1683,1683,1683,1683,1683,1683,1655,1683,4,1655,1655,1683,1683,1683,1683,1683,1683,1655,1683,1683,1683,1683,1683,1655,1683,1683,1683,1683,1683,1683,1683,1683,1683,1683,1683,113
29,female,4451,4327,4451,4451,4451,4451,4451,4451,4327,4451,2,4327,4327,4451,4451,4451,4451,4451,4451,4327,4451,4451,4451,4451,4451,4326,4451,4451,4451,4451,4451,4451,4451,4451,4451,4451,4451,101
29,male,30,30,30,30,30,30,30,30,30,30,0,30,30,30,30,30,30,30,30,30,30,30,30,30,30,30,30,30,30,30,30,30,30,30,30,30,30,1
29,none,101,101,101,101,101,101,101,101,101,101,0,101,101,101,101,101,101,101,101,101,101,101,101,101,101,101,101,101,101,101,101,101,101,101,101,101,101,2
30,both,2126,2110,2126,2126,2126,2126,2126,2126,2110,2126,2,2110,2110,2126,2126,2126,2126,2126,2126,2110,2126,2126,2126,2126,2126,2110,2126,2126,2126,2126,2126,2126,2126,2126,2126,2126,2126,118
30,female,4703,4579,4703,4703,4703,4703,4703,4703,4579,4703,10,4579,4579,4703,4703,4703,4703,4703,4703,4579,4703,4703,4703,4703,4703,4579,4703,4703,4703,4703,4703,4703,4703,4703,4703,4703,4703,120
30,male,31,31,31,31,31,31,31,31,31,31,0,31,31,31,31,31,31,31,31,31,31,31,31,31,31,31,31,31,31,31,31,31,31,31,31,31,31,2
30,none,161,159,161,161,161,161,161,161,159,161,0,159,159,161,161,161,161,161,161,159,161,161,161,161,161,160,161,161,161,161,161,161,161,161,161,161,161,11
31,both,1857,1837,1857,1857,1857,1857,1857,1857,1837,1857,2,1837,1837,1857,1857,1857,1857,1857,1857,1837,1857,1857,1857,1857,1857,1837,1857,1857,1857,1857,1857,1857,1857,1857,1857,1857,1857,114
31,female,4459,4316,4459,4459,4459,4459,4459,4459,4316,4459,7,4316,4316,4459,4459,4459,4459,4459,4459,4316,4459,4459,4459,4459,4459,4313,4459,4459,4459,4459,4459,4459,4459,4459,4459,4459,4459,106
31,male,32,31,32,32,32,32,32,32,31,32,0,31,31,32,32,32,32,32,32,31,32,32,32,32,32,31,32,32,32,32,32,32,32,32,32,32,32,6
31,none,167,166,167,167,167,167,167,167,166,167,0,166,166,167,167,167,167,167,167,166,167,167,167,167,167,166,167,167,167,167,167,167,167,167,167,167,167,7
