created_day,gender,author,body,created_utc,id,link_id,subreddit,created
1,both,104,104,104,104,104,104,104
1,female,113,113,113,113,113,113,113
1,male,285,285,285,285,285,285,285
1,none,1020,1020,1020,1020,1020,1020,1020
2,both,114,114,114,114,114,114,114
2,female,108,108,108,108,108,108,108
2,male,290,290,290,290,290,290,290
2,none,1022,1022,1022,1022,1022,1022,1022
3,both,102,102,102,102,102,102,102
3,female,114,114,114,114,114,114,114
3,male,293,293,293,293,293,293,293
3,none,1012,1012,1012,1012,1012,1012,1012
4,both,98,98,98,98,98,98,98
4,female,140,140,140,140,140,140,140
4,male,314,314,314,314,314,314,314
4,none,991,991,991,991,991,991,991
5,both,109,109,109,109,109,109,109
5,female,118,118,118,118,118,118,118
5,male,328,328,328,328,328,328,328
5,none,979,979,979,979,979,979,979
6,both,87,87,87,87,87,87,87
6,female,92,92,92,92,92,92,92
6,male,315,315,315,315,315,315,315
6,none,1047,1047,1047,1047,1047,1047,1047
7,both,98,98,98,98,98,98,98
7,female,116,116,116,116,116,116,116
7,male,332,332,332,332,332,332,332
7,none,1023,1023,1023,1023,1023,1023,1023
8,both,83,83,83,83,83,83,83
8,female,110,110,110,110,110,110,110
8,male,340,340,340,340,340,340,340
8,none,1026,1026,1026,1026,1026,1026,1026
9,both,81,81,81,81,81,81,81
9,female,110,110,110,110,110,110,110
9,male,306,306,306,306,306,306,306
9,none,1041,1041,1041,1041,1041,1041,1041
10,both,94,94,94,94,94,94,94
10,female,102,102,102,102,102,102,102
10,male,327,327,327,327,327,327,327
10,none,1015,1015,1015,1015,1015,1015,1015
11,both,86,86,86,86,86,86,86
11,female,107,107,107,107,107,107,107
11,male,310,310,310,310,310,310,310
11,none,1036,1036,1036,1036,1036,1036,1036
12,both,89,89,89,89,89,89,89
12,female,116,116,116,116,116,116,116
12,male,323,323,323,323,323,323,323
12,none,1013,1013,1013,1013,1013,1013,1013
13,both,83,83,83,83,83,83,83
13,female,106,106,106,106,106,106,106
13,male,313,313,313,313,313,313,313
13,none,1036,1036,1036,1036,1036,1036,1036
14,both,100,100,100,100,100,100,100
14,female,97,97,97,97,97,97,97
14,male,322,322,322,322,322,322,322
14,none,1012,1012,1012,1012,1012,1012,1012
15,both,96,96,96,96,96,96,96
15,female,120,120,120,120,120,120,120
15,male,311,311,311,311,311,311,311
15,none,1033,1033,1033,1033,1033,1033,1033
16,both,109,109,109,109,109,109,109
16,female,93,93,93,93,93,93,93
16,male,280,280,280,280,280,280,280
16,none,1058,1058,1058,1058,1058,1058,1058
17,both,104,104,104,104,104,104,104
17,female,100,100,100,100,100,100,100
17,male,321,321,321,321,321,321,321
17,none,1005,1005,1005,1005,1005,1005,1005
18,both,95,95,95,95,95,95,95
18,female,90,90,90,90,90,90,90
18,male,348,348,348,348,348,348,348
18,none,1015,1015,1015,1015,1015,1015,1015
19,both,91,91,91,91,91,91,91
19,female,130,130,130,130,130,130,130
19,male,313,313,313,313,313,313,313
19,none,998,998,998,998,998,998,998
20,both,84,84,84,84,84,84,84
20,female,101,101,101,101,101,101,101
20,male,339,339,339,339,339,339,339
20,none,1024,1024,1024,1024,1024,1024,1024
21,both,89,89,89,89,89,89,89
21,female,119,119,119,119,119,119,119
21,male,318,318,318,318,318,318,318
21,none,1028,1028,1028,1028,1028,1028,1028
22,both,89,89,89,89,89,89,89
22,female,99,99,99,99,99,99,99
22,male,297,297,297,297,297,297,297
22,none,1070,1070,1070,1070,1070,1070,1070
23,both,72,72,72,72,72,72,72
23,female,104,104,104,104,104,104,104
23,male,281,281,281,281,281,281,281
23,none,1068,1068,1068,1068,1068,1068,1068
24,both,54,54,54,54,54,54,54
24,female,54,54,54,54,54,54,54
24,male,177,177,177,177,177,177,177
24,none,520,520,520,520,520,520,520
27,both,35,35,35,35,35,35,35
27,female,46,46,46,46,46,46,46
27,male,132,132,132,132,132,132,132
27,none,448,448,448,448,448,448,448
28,both,83,83,83,83,83,83,83
28,female,110,110,110,110,110,110,110
28,male,277,277,277,277,277,277,277
28,none,1065,1065,1065,1065,1065,1065,1065
29,both,68,68,68,68,68,68,68
29,female,99,99,99,99,99,99,99
29,male,286,286,286,286,286,286,286
29,none,1083,1083,1083,1083,1083,1083,1083
30,both,100,100,100,100,100,100,100
30,female,122,122,122,122,122,122,122
30,male,313,313,313,313,313,313,313
30,none,1035,1035,1035,1035,1035,1035,1035
31,both,88,88,88,88,88,88,88
31,female,89,89,89,89,89,89,89
31,male,284,284,284,284,284,284,284
31,none,1074,1074,1074,1074,1074,1074,1074
